0,RIGHT
1,RIGHT
2,DOWN
3,DOWN
4,LEFT
5,LEFT
6,DOWN
7,DOWN
8,RIGHT
9,RIGHT
10,DOWN
11,DOWN
12,LEFT
13,LEFT
14,DOWN
15,DOWN
16,RIGHT
17,RIGHT
18,DOWN
19,DOWN
20,LEFT
21,LEFT
22,DOWN
23,DOWN
24,RIGHT
25,RIGHT
26,DOWN
27,DOWN
28,LEFT
29,LEFT
30,DOWN
31,DOWN
32,RIGHT
33,RIGHT
34,DOWN
35,DOWN
36,LEFT
37,LEFT
38,DOWN
39,DOWN
40,RIGHT
41,RIGHT
42,DOWN
43,DOWN
44,LEFT
45,LEFT
46,DOWN
47,DOWN
48,RIGHT
49,RIGHT
50,DOWN
51,DOWN
52,LEFT
53,LEFT
54,DOWN
55,DOWN
